29 August 2023 – 17:11:05 UTC	5 days ago	7647512898996006648
22 August 2023 – 17:02:37 UTC	12 days ago	9210952158259251711
1 August 2023 – 17:10:58 UTC	last month	5743061187403437908
25 July 2023 – 18:07:12 UTC	last month	1386489250879815681
18 July 2023 – 17:04:39 UTC	2 months ago	8959600697614182640
27 June 2023 – 17:02:12 UTC	2 months ago	453674479344789444
13 June 2023 – 19:20:52 UTC	3 months ago	9045583431233464127
1 June 2023 – 17:00:30 UTC	3 months ago	7846026666556770477
23 May 2023 – 17:54:55 UTC	3 months ago	7740151219186528281
18 April 2023 – 17:04:08 UTC	5 months ago	5801888691537463738
30 March 2023 – 17:03:30 UTC	5 months ago	895786983528127007
23 March 2023 – 17:13:15 UTC	5 months ago	1552067068975053935
16 March 2023 – 17:01:35 UTC	6 months ago	3175212228537581407
9 March 2023 – 17:00:37 UTC	6 months ago	6277085237551483236
27 February 2023 – 17:09:41 UTC	6 months ago	6536359656135463098
31 January 2023 – 17:02:00 UTC	7 months ago	4372700175997468549
25 January 2023 – 15:04:11 UTC	7 months ago	9120219980382004491
24 January 2023 – 17:01:29 UTC	7 months ago	659487292321678964
18 January 2023 – 17:05:42 UTC	8 months ago	7981037593246715878
11 January 2023 – 17:11:38 UTC	8 months ago	9130844972186116423
15 December 2022 – 17:01:29 UTC	9 months ago	8557313337823853906
13 December 2022 – 17:10:26 UTC	9 months ago	8004586699896079219
6 December 2022 – 17:01:07 UTC	9 months ago	2330513183076823890
15 November 2022 – 17:00:21 UTC	10 months ago	8437187981750443030
8 November 2022 – 17:03:42 UTC	10 months ago	647281919645403439
1 November 2022 – 17:06:55 UTC	10 months ago	206966323979332926
25 October 2022 – 17:00:52 UTC	10 months ago	4173840773661986447
18 October 2022 – 17:02:48 UTC	11 months ago	3992188367396005577
4 October 2022 – 17:04:01 UTC	11 months ago	697670338805905099
22 September 2022 – 17:01:51 UTC	12 months ago	5456462332266706798
15 September 2022 – 17:10:57 UTC	12 months ago	8601511185016788264
13 September 2022 – 17:01:48 UTC	12 months ago	1846756388276177335
1 September 2022 – 17:01:39 UTC	12 months ago	6830678035789538196
26 August 2022 – 00:15:10 UTC	12 months ago	4859290739354225253
23 August 2022 – 17:02:29 UTC	13 months ago	7424051937418415680
26 July 2022 – 17:06:08 UTC	13 months ago	2987823701177911104
19 July 2022 – 20:02:08 UTC	14 months ago	4214298943114868042
28 June 2022 – 17:05:21 UTC	14 months ago	828482209318054879
14 June 2022 – 17:00:49 UTC	15 months ago	5219235642168375551
7 June 2022 – 17:00:32 UTC	15 months ago	5940205651237539482
31 May 2022 – 17:03:28 UTC	15 months ago	243613204833468581
24 May 2022 – 17:02:02 UTC	16 months ago	4960658446653159620
26 April 2022 – 17:01:08 UTC	17 months ago	4769952857949692598
19 April 2022 – 17:00:58 UTC	17 months ago	2208968812052046183
29 March 2022 – 17:02:22 UTC	17 months ago	7478343025318043872
22 March 2022 – 17:05:01 UTC	2 years ago	5814734055061312655
10 March 2022 – 17:00:15 UTC	2 years ago	2012102505751115510
3 March 2022 – 17:02:49 UTC	2 years ago	1226936178087050282
22 February 2022 – 03:00:14 UTC	2 years ago	4408837585254543379
27 January 2022 – 17:01:49 UTC	2 years ago	6741244201277200640
20 January 2022 – 17:04:14 UTC	2 years ago	2796189689057483316
11 January 2022 – 17:02:28 UTC	2 years ago	4046925410491167132
16 December 2021 – 17:04:16 UTC	2 years ago	6598939585990990328
7 December 2021 – 17:04:22 UTC	2 years ago	3040322567317021558
28 October 2021 – 17:06:43 UTC	2 years ago	5919721532793828087
21 October 2021 – 17:01:40 UTC	2 years ago	2999803301604101193
12 October 2021 – 17:04:10 UTC	2 years ago	135534617886809980
16 September 2021 – 17:01:39 UTC	2 years ago	930886408629551405
2 September 2021 – 17:01:18 UTC	2 years ago	6868050798374669486
24 August 2021 – 17:02:05 UTC	2 years ago	3415006739361633809
22 July 2021 – 17:03:26 UTC	2 years ago	5564101672202623900
15 July 2021 – 17:01:06 UTC	2 years ago	2684287502645776589
6 July 2021 – 17:03:13 UTC	2 years ago	5685088880618211751
3 June 2021 – 17:05:04 UTC	2 years ago	1913125588950440509
25 May 2021 – 17:01:52 UTC	2 years ago	7423196142462159250
18 May 2021 – 17:02:29 UTC	2 years ago	1548453352975717029
13 May 2021 – 21:02:00 UTC	2 years ago	4832938594011055834
11 May 2021 – 17:07:44 UTC	2 years ago	8068024005725502264
23 March 2021 – 17:02:38 UTC	3 years ago	2686335640074240941
16 March 2021 – 17:09:29 UTC	3 years ago	1452350026165318337
2 March 2021 – 17:01:31 UTC	3 years ago	6779713067621859388
23 February 2021 – 17:06:33 UTC	3 years ago	4469567078736693349
11 February 2021 – 22:00:24 UTC	3 years ago	1870069716154615694
10 February 2021 – 04:27:52 UTC	3 years ago	3593003740654673249
9 February 2021 – 17:03:39 UTC	3 years ago	4042519828157597896
19 January 2021 – 17:04:50 UTC	3 years ago	761471228114947059
8 December 2020 – 16:04:17 UTC	3 years ago	9216269228035626100
10 November 2020 – 03:27:29 UTC	3 years ago	8896492425077852802
10 November 2020 – 00:00:58 UTC	3 years ago	4114900932157565342
22 September 2020 – 16:00:48 UTC	3 years ago	7949508586732980411
20 August 2020 – 16:59:59 UTC	3 years ago	4773170998099699561
14 July 2020 – 16:03:32 UTC	3 years ago	6319272125911249294
7 July 2020 – 17:05:05 UTC	3 years ago	3432013239253494545
23 June 2020 – 17:04:29 UTC	3 years ago	1360911726522303179
18 June 2020 – 16:02:47 UTC	3 years ago	675395507352604598
9 June 2020 – 17:00:57 UTC	3 years ago	4992645401095677558
19 May 2020 – 17:01:46 UTC	3 years ago	4317541291623504402
29 April 2020 – 17:01:45 UTC	3 years ago	2916586889319359661
21 April 2020 – 17:02:02 UTC	3 years ago	5199002623346632122
31 March 2020 – 17:01:29 UTC	4 years ago	8989581961308025511
19 March 2020 – 17:05:04 UTC	4 years ago	7235742176800024670
10 March 2020 – 16:01:43 UTC	4 years ago	3257562782720803372
13 February 2020 – 17:05:53 UTC	4 years ago	3574359128816063383
11 February 2020 – 17:05:52 UTC	4 years ago	513372333039098720
28 January 2020 – 17:02:01 UTC	4 years ago	8875116207411712105
16 January 2020 – 21:06:24 UTC	4 years ago	7524035059102184362
17 December 2019 – 17:07:47 UTC	4 years ago	2137331356974416178
10 December 2019 – 17:04:29 UTC	4 years ago	3905248959826072617
7 November 2019 – 17:03:16 UTC	4 years ago	456575254746834340
29 October 2019 – 16:04:21 UTC	4 years ago	3332573833900866550
15 October 2019 – 17:01:28 UTC	4 years ago	85205871039526226
8 October 2019 – 17:03:33 UTC	4 years ago	584520698549008453
24 September 2019 – 20:49:21 UTC	4 years ago	838417280379691031 