29 August 2023 – 17:11:05 UTC	5 days ago	3168080771486264225
22 August 2023 – 17:02:37 UTC	12 days ago	4706224499388973930
1 August 2023 – 17:10:58 UTC	last month	1913415954033515142
25 July 2023 – 18:07:12 UTC	last month	7791071802502001399
18 July 2023 – 17:04:39 UTC	2 months ago	8131892876697180269
27 June 2023 – 17:02:12 UTC	2 months ago	1488577445619274026
13 June 2023 – 19:20:52 UTC	3 months ago	6978181861620880330
1 June 2023 – 17:00:30 UTC	3 months ago	2745425789992262378
23 May 2023 – 17:54:55 UTC	3 months ago	4213825495551239363
18 April 2023 – 17:04:08 UTC	5 months ago	4496103321180404381
30 March 2023 – 17:03:30 UTC	5 months ago	3203239722337674385
23 March 2023 – 17:13:15 UTC	5 months ago	8079146978406997445
16 March 2023 – 17:01:35 UTC	6 months ago	4195178856000319641
9 March 2023 – 17:00:37 UTC	6 months ago	2588427577506124683
27 February 2023 – 17:09:41 UTC	6 months ago	7324683637041582839
31 January 2023 – 17:02:00 UTC	7 months ago	4409755088045409885
25 January 2023 – 15:04:11 UTC	7 months ago	4609728713893068437
24 January 2023 – 17:01:29 UTC	7 months ago	1128740125005917063
18 January 2023 – 17:05:42 UTC	8 months ago	526012444684520386
11 January 2023 – 17:11:38 UTC	8 months ago	4093084509658674817
15 December 2022 – 17:01:29 UTC	9 months ago	1374445536810435647
13 December 2022 – 17:10:26 UTC	9 months ago	2767280391969600207
6 December 2022 – 17:01:07 UTC	9 months ago	4553844416895685423
15 November 2022 – 17:00:21 UTC	10 months ago	7131800670283890434
8 November 2022 – 17:03:42 UTC	10 months ago	8861718372243849735
1 November 2022 – 17:06:55 UTC	10 months ago	5482785114425874106
25 October 2022 – 17:00:52 UTC	10 months ago	2771304506724680883
18 October 2022 – 17:02:48 UTC	11 months ago	5642835102225570965
4 October 2022 – 17:04:01 UTC	11 months ago	2579663894017189420
22 September 2022 – 17:01:51 UTC	12 months ago	6650813309603393077
15 September 2022 – 17:10:57 UTC	12 months ago	519799266102920248
13 September 2022 – 17:01:48 UTC	12 months ago	7733944852585053365
1 September 2022 – 17:01:39 UTC	12 months ago	3662109901039161668
26 August 2022 – 00:15:10 UTC	12 months ago	427292125246864256
23 August 2022 – 17:02:29 UTC	13 months ago	7466151085622557257
26 July 2022 – 17:06:08 UTC	13 months ago	5049834421591178839
19 July 2022 – 20:02:08 UTC	14 months ago	8680475990194588319
28 June 2022 – 17:05:21 UTC	14 months ago	7812229604593230997
14 June 2022 – 17:00:49 UTC	15 months ago	3618256327328988617
7 June 2022 – 17:00:32 UTC	15 months ago	707296522428463967
31 May 2022 – 17:03:28 UTC	15 months ago	3209325312253406769
24 May 2022 – 17:02:02 UTC	16 months ago	8900982003728794763
26 April 2022 – 17:01:08 UTC	17 months ago	2887005952990495311
19 April 2022 – 17:00:58 UTC	17 months ago	5146857730842581407
29 March 2022 – 17:02:22 UTC	17 months ago	6706051910756405569
22 March 2022 – 17:05:01 UTC	2 years ago	9110308346221588189
10 March 2022 – 17:00:15 UTC	2 years ago	5667373437618560612
3 March 2022 – 17:02:49 UTC	2 years ago	6283358086878404866
22 February 2022 – 03:00:14 UTC	2 years ago	5629282963849242053
27 January 2022 – 17:01:49 UTC	2 years ago	7464873567721530362
20 January 2022 – 17:04:14 UTC	2 years ago	3520802997598404931
11 January 2022 – 17:02:28 UTC	2 years ago	5830888663985553440
16 December 2021 – 17:04:16 UTC	2 years ago	4575705553599517232
7 December 2021 – 17:04:22 UTC	2 years ago	3260492744798793156
9 November 2021 – 16:00:12 UTC	2 years ago	8317465871834203451
28 October 2021 – 17:06:43 UTC	2 years ago	6428876432490580852
21 October 2021 – 17:01:40 UTC	2 years ago	6524803233304440880
12 October 2021 – 17:04:10 UTC	2 years ago	9052779478606956001
16 September 2021 – 17:01:39 UTC	2 years ago	1289045522047149122
2 September 2021 – 17:01:18 UTC	2 years ago	8299336024390753540
24 August 2021 – 17:02:05 UTC	2 years ago	168936724089229501
29 July 2021 – 17:03:45 UTC	2 years ago	7622969979400322480
28 July 2021 – 17:00:53 UTC	2 years ago	4434728810679543626
22 July 2021 – 17:03:26 UTC	2 years ago	1058633811566630288
15 July 2021 – 17:01:06 UTC	2 years ago	4722764030438695755
6 July 2021 – 17:03:13 UTC	2 years ago	8243227382358715737
3 June 2021 – 17:05:04 UTC	2 years ago	8361663959987150704
25 May 2021 – 17:01:52 UTC	2 years ago	7806289543075055105
18 May 2021 – 17:02:29 UTC	2 years ago	3566326508865685083
13 May 2021 – 21:02:00 UTC	2 years ago	7591602155234889696
11 May 2021 – 17:07:44 UTC	2 years ago	231529414256832950
23 March 2021 – 17:02:38 UTC	3 years ago	1048934031966426429
16 March 2021 – 17:09:29 UTC	3 years ago	1447531993247997495
2 March 2021 – 17:01:31 UTC	3 years ago	8224529950707102053
23 February 2021 – 17:06:33 UTC	3 years ago	8081812816544629919
11 February 2021 – 22:00:24 UTC	3 years ago	7496938218214675758
10 February 2021 – 04:27:52 UTC	3 years ago	7263629038544992508
9 February 2021 – 17:03:39 UTC	3 years ago	6193671520704099066
19 January 2021 – 17:04:50 UTC	3 years ago	791389366885863740
8 December 2020 – 16:04:17 UTC	3 years ago	4970446455389188768
10 November 2020 – 03:27:29 UTC	3 years ago	7974149396662289752
10 November 2020 – 00:00:58 UTC	3 years ago	4838893285109676470
22 September 2020 – 16:00:48 UTC	3 years ago	3900996475036839596
20 August 2020 – 16:59:59 UTC	3 years ago	4539277942371480381
14 July 2020 – 16:03:32 UTC	3 years ago	5199391795886593555
7 July 2020 – 17:05:05 UTC	3 years ago	6931947871021517420
23 June 2020 – 17:04:29 UTC	3 years ago	2275874455686109870
18 June 2020 – 16:02:47 UTC	3 years ago	3083398773456661174
9 June 2020 – 17:00:57 UTC	3 years ago	8496740759064892616
19 May 2020 – 17:01:46 UTC	3 years ago	2239665697976939324
29 April 2020 – 17:01:45 UTC	3 years ago	8171445428783740408
21 April 2020 – 17:02:02 UTC	3 years ago	4332667188113855616
31 March 2020 – 17:01:28 UTC	4 years ago	5484199175283438575
19 March 2020 – 17:05:04 UTC	4 years ago	1533666981620158141
10 March 2020 – 16:01:43 UTC	4 years ago	5172297469144932595
13 February 2020 – 17:05:53 UTC	4 years ago	917968164167750962
11 February 2020 – 17:05:52 UTC	4 years ago	4175101758721701400
28 January 2020 – 17:02:01 UTC	4 years ago	3808345620883440533
16 January 2020 – 21:06:24 UTC	4 years ago	7859413556131739000
17 December 2019 – 17:07:47 UTC	4 years ago	7707818532990764664
10 December 2019 – 17:04:29 UTC	4 years ago	6694815891165467027
7 November 2019 – 17:03:16 UTC	4 years ago	6390697212006737284
29 October 2019 – 16:04:21 UTC	4 years ago	8210077522550399211
15 October 2019 – 17:01:28 UTC	4 years ago	5369541632625618295
8 October 2019 – 17:03:33 UTC	4 years ago	1807282056502769125
24 September 2019 – 20:49:21 UTC	4 years ago	8384181612543470539 